編號,關切維度,問題內容,ai答覆
P01,職涯出路,畢業後具體是去哪些企業上班？有沒有知名大廠？,畢業生就業領域涵蓋科技業、金融業、顧問諮詢業與生醫數據產業。常見企業包括：金控大廠（如富邦、國泰、中信等數位科技與數據分析部門）、科技大廠（如緯創、廣達、華碩）、大型系統整合商、四大會計師事務所之管理諮詢部門以及醫療數據公司等。
P02,職涯出路,現在軟體與科技業傳出裁員潮，資料科學好找工作嗎？,科技業目前的調整主要針對純初階程式撰寫人員，但各行各業（特別是金融、醫療、智慧製造與傳統零售）對「數位轉型」與「數據驅動決策」的人才需求反而持續攀升。本系培養學生兼具 AI 技術與場域業務理解的跨域能力，在就業市場上依舊具備高度競爭力。
P03,職涯出路,畢業生有沒有考上公務員或國營事業的機會？有哪些類科？,有的。系上必修涵蓋程式設計、資料庫系統、統計學等核心科目，完全對應高普考與地方特考的「資訊處理」與「統計」類科。此外，學生也可報考國營事業聯招（台電、中油、台水）的資訊類組，或是公股銀行的數位金融與資訊人員甄試。
P04,薪資前景,本系畢業後 3~5 年的薪資成長潛力與平均待遇如何？,"資料科學與軟體領域具備顯著的經驗溢價。畢業 3 至 5 年的系友，隨著能獨立負責資料管線或 AI 專案，晉升為資深資料工程師、資料科學家或專案主管後，月薪普遍落在 60,000 至 85,000 元以上，在金融總行或外商科技業年薪突破百萬亦屬常見路徑。"
P05,升學保障,系上有沒有五年一貫（學碩士連讀）機制？名額多嗎？,有的，系上設有學士班學生修讀碩士學位（五年一貫）辦法。學生可於大三提出申請，通過審查後可於大四先修碩士班課程，先修學分可依規定折抵碩士學分，順利的話能用五年時間取得學士與碩士雙學位，每屆均有固定名額供優秀學生申請。
P06,升學保障,讀完四年大學，有需要一定要讀研究所才能找到好工作嗎？,不一定。若志在投入前沿 AI 深度演算法研發或頂尖研究機構，攻讀碩士確有優勢；但若希望擔任資料工程師、軟體工程師或商業數據分析師，系上四年扎實的專題成果、黑客松競賽經驗與大四實習銜接，已足以讓學生在大學畢業時順利獲得優質工作。
P07,升學保障,本系學生考研時，推甄錄取率高還是考試錄取率高？,推甄錄取的比例相當高！因為本系高度重視實作專題與產學競賽，加上許多同學在大二大三期間便成功申請並執行國科會「大專生研究計畫」，具備扎實的實務作品與研究成果，在頂大研究所推甄面試中往往能獲得教授高度青睞。
P08,產學實習,系上有沒有配合的知名企業實習計畫？有給薪資嗎？,有的。系上每學期均積極媒合金控集團、軟體科技大廠、顧問公司與醫療機構之實習機會。依現行勞基法與學校實習規範，合作企業所提供的全職或長期實習皆依法給付合法工資（月薪或時薪）並享有勞健保保障，並非無薪實習。
P09,產學實習,大四一整年都可以去校外全職實習算學分嗎？,系上設有校外實習相關修業規範。學生若在前三年依進度修畢大部分必修學分並符合申請資格，大四可申請全學期或全學年的企業實習並認列實習學分，詳細修業規定與時數要求依系辦最新實習辦法辦理。
P10,產學實習,企業合作專案主要是哪些產業？金融業還是科技業多？,產業分佈非常廣泛且多元。系上教授近期在醫療大數據與生醫資訊分析上有深入的產學合作專案；同時，結合東吳傳統商管優勢，金融科技（FinTech）與商業零售數據的合作案比例也相當高，科技業的軟體開發專案亦涵蓋其中。
P11,師資陣容,系上專任老師多嗎？教授主要的研究背景是什麼領域？,系上專任師資陣容完善且具跨領域背景。教授專長涵蓋數理統計、深度學習、機器學習、巨量資料架構、自然語言處理、金融科技等，能提供學生多元且完整的技術指導與專案帶領。
P12,師資陣容,教授是否具備業界實務經驗？還是都是純學術派？,系上多位教授均具備豐富的業界產學合作與顧問經歷。老師們經常帶領學生執行企業委託的實際專案（例如與醫療數據公司合作模型開發、參與黑客松實戰競賽等），教學與研究緊扣產業實務。
P13,學習輔導,萬一孩子入學後跟不上進度、考試不及格，學校會預警輔導嗎？,學校建置有完整的學業預警與課業輔導機制。期中考後若成績未達標準，系統會主動發送預警通知並由班級導師進行會談關懷；系上專業核心課程亦設有教學助理（TA）與實習課輔導機制，協助學習落後的學生及時跟上進度。
P14,學習輔導,每一位學生都有專屬的導師可以諮詢生活與課業嗎？,是的。學校實施完善的導師制度，每位學生入學後皆有專屬的班級導師輔導。學校定期舉辦導師時間與導生晤談，學生在面臨課業選課、生活適應、心理壓力或未來升學就業抉擇時，均能直接向導師諮詢求助。
P15,學系定位,資料科學是新興科系嗎？會不會熱潮過了之後就沒需求？,資料科學雖然是因應大數據與 AI 浪潮設立的新興學門，但其根本是建立在扎實的「計算機工程」與「數理統計」基礎上。現代各產業皆已高度數位化，只要企業營運持續產生數據，就必然需要資料處理、模型建立與決策分析，這已是現代產業的底層核心基建，需求具備長遠穩定性。
P16,學系定位,和傳統資工系相比，業界主管在面試時會不會比較偏好資工？,這完全取決於應聘的職缺屬性。若是硬體底層驅動、晶片編譯器或單純作業系統開發，傳統資工確實有其優勢；但若職務涉及資料分析、機器學習應用、商業智慧或跨領域數據專案，業界主管反而更看重資科系學生兼具技術實作與業務溝通理解的整合能力。
P17,學系定位,相比國立大學，貴校貴系的優勢和競爭力在哪裡？,本系的最大優勢在於「跨領域場域對接」與「高階實務設備整合」。東吳具備頂尖的文法商底蘊，本系不走閉門造車路線，而是直接結合醫療、金融與商務場域進行實務專案；硬體上建置與 NVIDIA 合作的智慧創新學習中心與高階 GPU 算力，並輔導考取國際證照，實戰競爭力不輸國立大學。
P18,學習費用,四年的學雜費每學期大約多少錢？有沒有提供獎助學金？,私立大學資訊類學雜費每學期約五萬餘元（配合行政院私立大專學費補助方案，每學期定額減免 1.75 萬元）。系上設有由張善政榮譽院長捐贈成立的「文華獎學金」，學校亦提供學業表現優良獎學金、各類急難救助與清寒助學金等多項獎補助資源。
P19,學習費用,申請優秀入學獎學金的標準是什麼？能免學雜費嗎？,東吳大學訂有優秀新生入學獎勵辦法，學測成績優異達各學院指定門檻（如數 A、英文前標或頂標標準）之新生，可獲得入學獎學金或全額、半額學雜費補助。各學年度具體標準與名額請以當年度招生簡章公告為準。
P20,學習費用,學習過程中需要額外自費購買昂貴的套裝軟體或教材嗎？,不需要。資料科學與 AI 領域的主流開發工具與語言（如 Python、R、各類深度學習框架）皆為全球開源社群資源。學校與系上也提供了 Microsoft 365 及專業軟體之校園授權，學生無需自費購買昂貴的專案軟體。
P21,學習資源,"系上有提供雲端運算（如 AWS, GCP, Azure）的額度補助嗎？",相關專業課程中，授課教師會協助學生申請國際雲端大廠（如 AWS Educate、Google Cloud 等）的教育補助額度。同時，系上本身即建置有專屬的高階 GPU 運算伺服器供學生免費連線訓練 AI 模型，能充分滿足專案算力需求，減輕學生自費負擔。
P22,國際視野,學生在學期間出國交換的機會多嗎？有哪些姊妹校？,出國交換管道非常多元。東吳大學與全球數百所海外知名大學締結姊妹校（遍及美、歐、日、韓等地），國際處每學期均開放申請。此外，學院亦推動與美國聖荷西州立大學 IDS 學院、亞利桑那州立大學雷鳥學院等碩士先修與雙聯合作，提供豐富的國際學習機會。
P23,國際視野,出國交換會不會導致學生必須延期畢業（延畢）？,只要提前做好修課規劃，不必然會延畢。學生於姊妹校修習及格之課程，返校後可依教務處「學生抵免學分辦法」申請抵免系上的選修學分。若能在大一至大三提早修畢核心必修，多數交換學生皆能如期在四年內順利畢業。
P24,雙主修輔系,孩子進來後如果想跨修財務金融或資工，門檻會很高嗎？,東吳校風極為鼓勵跨領域學習，雙主修與輔系申請機制透明，主要依據學生大一的學業成績與在校排名進行審核。本系學生因為具備扎實的資訊技術與數據分析能力，申請跨修商學院（如財金、企管、經濟等）輔系或雙主修相當具備優勢。
P25,個人申請,書面審查時，如果沒有得過大型科技競賽獎項，機會大嗎？,機會依然很大！競賽得獎屬於加分項目而非絕對門檻。審查教授更看重學生的運算思維、學習動機以及對資料與生活問題的觀察力。只要能在備審資料中展現出自主學習歷程、動手解決問題的探索過程與熱忱，都能獲得審查委員的肯定。
P26,個人申請,面試主要是個人面試還是團體面試？最看重什麼特質？,個人申請面試主要採個人獨立面試（多位考官對單一考生）進行。教授最看重的特質包括：清晰的邏輯思維與口語表達、對資料科學的正確理解與好奇心、以及在面對問題時能否具備拆解問題與勇於探索的學習潛力。
P27,安全生活,校園周邊生活機能與治安狀況如何？交通是否便利？,校園周邊治安良好、環境單純。外雙溪校區鄰近士林商圈與故宮，環境清幽安全，門口設有密集之接駁公車往返捷運士林站；城中校區位於中正博愛特區，步行即可抵達西門或小南門捷運站，整體交通網絡便捷、生活機能健全。
P28,畢業門檻,畢業除了修滿學分外，有英文檢定或程式檢定門檻嗎？,學校層面設有基礎之英文能力檢定門檻（如多益成績標準，未通過者可修習校內補救課程替代）。系上核心的專業檢核門檻為修畢規定之模組學分，並通過團隊「畢業專題」的成果審查與發表，並無強制要求自費考取外部特定程式證照。
P29,延畢比例,系上的平均畢業率如何？會不會因為專題做不出來而普遍延畢？,系上絕大多數同學都能在四年內如期完成學業，極少數存在因專題而延畢的情形。畢業專題在大三啟動時便由指導教授每週定期引導與期中進度控管，只要同學按部就班與組員協作，都能順利完成作品並通過發表。
P30,就業輔導,學校或系上有提供履歷修改、模擬面試或就業博覽會嗎？,學校與系上的就業輔導資源非常健全。學校「生涯發展中心」每學期均舉辦企業徵才博覽會、職涯教練履歷健檢與模擬面試工作坊；系辦亦常態性辦理系友職涯講座，並主動向應屆畢業生推薦金融與科技大廠之專屬實習與就業職缺。