編號,問題分類,問題內容,ai答覆
S01,程式設計,高中完全沒有寫過程式，進來會不會跟不上？,不用太擔心！系上很多同學在高中完全沒寫過程式。大一程式設計課會從最基礎的運算思維、語法邏輯開始教起。開學後課堂也都有助教（TA）與實習課能隨時發問，只要作業按部就班自己練習，絕對跟得上。
S02,程式設計,大一上學期教哪一種程式語言？進度會很快嗎？,大一上學期主要以 Python 為主。進度上前半學期會著重在基礎變數、邏輯判斷與迴圈等概念。老師課堂更重視運算思維。只要每週跟著實作練習，進度是完全可以消化的。
S03,程式設計,系上除了 Python 還會學到哪些程式語言？,除了貫穿機器學習與資料分析核心的 Python 之外，在統計與資料科學相關課程中常會使用 R 語言；資料庫相關課程會學 SQL
S04,程式設計,我如果上機考試容易緊張寫不出來，系上有補救管道嗎？,可以放心！系上程式課程的成績配比相當多元，不只有上機考試，同時也有專案時作報告。老師更看重每週作業與專案實作的累積。此外，每門程式課都配有實習課與助教（TA），平時卡關或解不出來都可以向助教尋求輔導。
S05,數學能力,數學不好（如學測數 A 沒頂標）讀這個系會很吃力嗎？,數 A 沒頂標完全不需要自己嚇自己。大學的數學（如微積分、線性代數）主要是為了讓我們看懂機器學習演算法與程式背後的數學原理與推導，不是要你去考數學競賽。只要上課有搞懂觀念、按時完成習題，並不需要極高的數學天賦。
S06,數學能力,系上哪些必修課數學成分最重？會當很多人嗎？,數學比重最重的科目主要集中在大一與大二的微積分、線性代數與機率統計，這些是日後建構資料模型與演算法的基石。只要作業按時繳交、觀念有理解，考試有掌握基本題，老師基本上不會故意為難大家。
S07,數學能力,微積分和高中數學最大的差別在哪裡？,高中數學多半偏向公式套用與題型解題技巧，而大學微積分更重視觀念的嚴謹定義（如極限、連續性），並會延伸到多變數函數與偏微分。在資科系，學微積分主要是為了理解機器學習中「梯度下降」等模型最佳化的過程，重點在於觀念理解而非死背題型。
S08,數學能力,統計學跟一般高中數學有什麼不同？需要背很多公式嗎？,高中數學的機率多偏向排列組合的計算，大學的統計學則更聚焦在資料分布、抽樣推論、假設檢定與信賴區間。實務上不需要死背繁雜的計算公式，大部分繁瑣計算會交由 Python 或 R 等軟體處理，課程更看重的是你能不能看懂數據背後的意涵與統計邏輯。
S09,課程規劃,大一課表通常長怎樣？空堂多嗎？需要天天泡電腦教室嗎？,大一課表通常由系定基礎必修（程式設計、微積分、計算機概論）與校定通識組成，每週約落在 18 到 22 學分之間，空堂時間相當充裕。平常不需要天天泡在電腦教室，多數人自備筆電在圖書館、宿舍或自習空間就能寫作業，只有上實習課時會使用專業電腦教室。
S10,課程規劃,系上有沒有擋修規定？如果微積分被當會影響大二修課嗎？,系上課程的修習規範以教務處當屆修業檢核表為準。部分進階課程可能會有先修建議或擋修規定，若微積分不慎被當，雖然不一定會立刻卡死所有大二選修，但會影響到後續需要微積分基礎的進階數學與模型課程，建議大二儘早透過重修或暑修補齊學分。
S11,課程規劃,可以選修外系的課程嗎？可以算在畢業學分裡面嗎？,可以選修外系課程！東吳大學鼓勵跨領域修課，在畢業學分中通常規劃有一定額度的「自由選修學分」。只要選修的外系專業課程符合系上審核規定，都可以計入畢業學分數中（詳細認列上限依入學年度修業規定為準）。
S12,學習適應,買筆電有特定規格限制嗎？需要買到很高階的顯卡 (GPU) 嗎？,大一筆電建議以攜帶輕便、效能主流為主（建議 CPU i5/i7 或 Ryzen 5/7 以上、16GB 記憶體、512GB 以上 SSD）。不需要特地砸大錢買頂級獨立顯卡（GPU），因為系上建置了高階 GPU 運算設備與 AI 專業教室，進階深度學習模型都能連線到系上資源或雲端運算跑。
S13,學習適應,系上有沒有提供做深度學習或 AI 的伺服器運算資源？,有的！學院建置了專屬的 AI 專業教室與虛實互動學習中心，擁有充足的高階 GPU 運算設備，並與 NVIDIA 等產業品牌合作設立智慧創新 AI 學習中心，能提供大家在訓練大型深度學習模型與大數據分析時足夠的算力支援。
S14,學習適應,讀這個系平時需要常熬夜趕作業或專案嗎？,這完全取決於個人時間管理與除錯（Debug）效率。平時只要每週按部就班寫 code，基本上不需要通宵熬夜；但在期中、期末作業繳交前夕，或是大三大四進行專題衝刺時，因為常常會遇到 bug 兜不出來或模型需要調校，偶爾確實會需要熬夜趕工。
S15,生活環境,系館設施有哪些？有專屬的自習室或討論空間嗎？,系館設有智慧創新 AI 學習中心、高階 AI 專業教室與學生專題討論空間。此外，校區內的總館與各閱覽室（如外雙溪總館第一閱覽室、城中第一閱覽室等）開放時間相當長，提供非常完善的安靜自習與小組討論環境。
S16,生活環境,大一新生一定能抽到學校宿舍嗎？周邊租屋方便嗎？,只要是非設籍於台北市與新北市的新生，在第一階段都享有優先分配宿舍的資格（雙北新生則於第二階段申請候補）。校內有外雙溪的榕華樓、柚芳樓、松勁樓，校外也有泉思學舍與有容學舍等選擇。若想外宿，士林或捷運沿線租屋選擇也很多。
S17,社團活動,課業壓力下，還有時間參加熱舞社、吉他社等社團嗎？,絕對有時間！系上很多學長姐同時活躍在熱舞社、吉他社、各類體育校隊或系學會中。大學生活關鍵在於自我時間分配，只要平時作業不拖延到最後一天，兼顧專業課業與熱門社團是完全做得到的。
S18,社團活動,系學會一年會辦哪些活動？有沒有專門辦給新生的迎新？,系學會每學年都會規劃豐富的活動，開學初有專門辦給新生的迎新茶會或迎新活動，幫助新生快速認識同學與學長姐。學期中還會舉辦系烤、巨資電競盃／體育賽事、系卡、耶誕活動以及業界系友職涯講座等。
S19,專題製作,畢業專題大約是在大幾開始做？是自己找教授嗎？,畢業專題通常是在大三開始啟動（大三上學期尋找指導老師與確定方向，大三下至大四進行系統開發與成果發表）。專題題目與指導教授是由同學們自行組隊後，依照感興趣的研究領域主動洽詢系上教授洽談媒合。
S20,專題製作,專題是分組進行還是一個人做？題目通常是怎麼決定的？,專題多半以團隊分組進行（通常 3 到 5 人一組），強調分工合作。題目決定方式主要有兩種：一種是由指導教授提供企業產學合作的真實數據案（如醫療、商業數據），另一種是小組成員發想感興趣的生活或 AI 應用題目，經教授指導後推進實作。
S21,專題製作,過去有沒有學長姐做出很厲害的 APP 或 AI 系統的例子？,非常多！例如有學長姐結合大型語言模型與語音分析，為 Kebbi 機器人開發智慧資訊教育與導讀應用，並在 AI 黑客松競賽中獲獎；也有團隊與醫療機構產學合作，利用真實臨床數據建立疾病預測模型與決策支援系統，成果非常具實戰價值。
S22,升學進修,大部分學長姐畢業後會選擇繼續讀研究所嗎？,一部分的學長姐選擇繼續攻讀研究所（包含推甄頂大、本系碩士班或出國深造），以進一步鑽研進階演算法與 AI 模型；也有一部分則選擇直接進入職場擔任資料工程師、數據分析師或軟體工程師，業界對本系實作人才能見度相當高。
S23,升學進修,本系畢業生通常能推甄上哪些頂大（台清交成政）研究所？,歷年來學長姐推甄錄取台大、清大、交大、成大、政大以及台科、北科等頂尖大學資工、資管、數據科學與統計研究所的成果非常豐富。系上累積的實務專案、黑客松得獎履歷，加上許多同學成功通過國科會大專生研究計畫，在推甄審查時極具競爭力。
S24,升學進修,可以跨考一般資工所或商管類的數據所嗎？難度如何？,完全可以！若跨考商管類的大數據所、資管所或統計所，本系的程式與資料模型背景具備非常大的優勢；若想跨考傳統資工所，因為考科包含計算機組織、作業系統等底層工程學科，建議大二、大三時及早選修外系相關課程或額外加強準備。
S25,就業發展,畢業後如果不當資料工程師，還可以做什麼職務？,職涯選擇非常寬廣！常見職位包括：商業數據分析師（Business/Data Analyst）、AI 應用工程師、機器學習工程師、金融科技（FinTech）數據專員、數據顧問，甚至能結合跨域背景擔任軟體產品經理（PM）或系統企劃人員。
S26,就業發展,大學畢業直接去業界工作，通常起薪落在哪個區間？,"大學畢業直接就業擔任初階數據分析師或軟體工程師，起薪普遍落在 38,000 至 48,000 元之間；若在校期間累積了完整的專案成果、競賽得獎或知名企業實習經歷，進入金控總行或科技大廠擔任資料工程師，起薪突破 50,000 元也是常見的。"
S27,就業發展,系上會不會推薦或強制要求學生去企業實習？,系上高度鼓勵並積極媒合學生進行企業實習。課程規劃中在大四設有對接的實習機制，系辦每學期都會釋出金融業、科技業與醫療資訊等合作單位的實習職缺，讓學生可以在大四提早走入業界累積實戰經驗，詳細修業規定依各屆檢核表為準。
S28,科系比較,貴系跟傳統資訊工程系 (CS) 最核心的差異到底是什麼？,傳統資工系偏重在底層架構、作業系統、晶片編譯器與硬體工程技術，目標多走向半導體與系統軟體開發；而我們資科系則是聚焦在「AI 模型應用」與「資料科學分析」，更強調將演算法與數據技術落地，解決真實場域（如商業、金融、醫療）的實際問題。
S29,科系比較,貴系跟資訊管理系 (MIS) 相比，誰的技術深度更深？,在資料技術與 AI 模型的技術深度上，資科系明顯更深。資管系偏向商管學院架構，核心在於「將資訊系統導入企業流程與管理」；資科系則扎實包含數學推導、資料工程、機器學習與深度學習模型實作，技術訓練的比重遠高於傳統資管系。
S30,科系比較,我想專攻人工智慧 (AI)，讀你們系適合還是資工系適合？,這取決於你想專攻 AI 的哪一個層面。如果你想做的是底層晶片算力最佳化、編譯器或底層系統架構，資工系較為對口；但如果你想做的是 AI 機器學習建模、自然語言處理、生成式 AI 應用落地與大數據跨域分析，我們系的課程規劃與專屬設備會非常適合你。