id,source,text
30,visible:span[dir='auto'],"有即將加入東吳資科夥伴的學弟妹嗎？
系上學生會準備了群組給學弟妹們提前了解～
有需要都可以加入問問題喔！
資科系上的朋友們都會為你解惑～
附上你們的准考證號碼，小夥伴們審核過後就可以加入了喔！
-
-
-
-
連結底下⬇️
-
您已被邀請加入「115學年資科新生群」！請點選以下連結加入社群！
line.me/ti/g2…"
196,visible:span[dir='auto'],"如果你們不想要系會時間擋在那裡
歡迎來到東吳資料科學系（？）
選課排課無負擔"
545,json:network.data.searchResults.edges[6].node.thread.thread_items[0].post.caption.text,"有即將加入東吳資科夥伴的學弟妹嗎？
系上學生會準備了群組給學弟妹們提前了解～
有需要都可以加入問問題喔！
資科系上的朋友們都會為你解惑～
附上你們的准考證號碼，小夥伴們審核過後就可以加入了喔！
-
-
-
-
連結底下⬇️
-
您已被邀請加入「115學年資科新生群」！請點選以下連結加入社群！
https://line.me/ti/g2/hlXyEN6qLQHSpLFdPYPa3TB3IhSGRl-7MCknHQ?utm_source=invitation&utm_medium=link_copy&utm_campaign=default"
